{"AUC": 0.954199898680208, "feature_importance": {"_type": "image-file", "sha256": "f062f6e54c721f0210501854727ac104336f1ab873cf0f9afb9acf9506e0e6e6", "size": 30902, "path": "media/images/feature_importance_0_f062f6e54c721f021050.png", "format": "png", "width": 1000, "height": 1000}, "_timestamp": 1683298901.1133032, "_runtime": 25.398126125335693, "_step": 0, "_wandb": {"runtime": 24}}